{"stats":{"minecraft:picked_up":{"minecraft:leather":3,"minecraft:oak_log":1,"minecraft:lily_pad":22,"minecraft:shield":1,"minecraft:gunpowder":2,"minecraft:string":4,"minecraft:dirt":18,"minecraft:apple":2,"minecraft:bow":1,"minecraft:wheat_seeds":3,"minecraft:beef":5,"minecraft:sugar_cane":2,"minecraft:dark_oak_sapling":2,"minecraft:stick":1,"minecraft:torch":1,"minecraft:gravel":5,"minecraft:carrot":1,"minecraft:dark_oak_log":197,"minecraft:spider_eye":2,"minecraft:rotten_flesh":26,"minecraft:golden_apple":1,"minecraft:spruce_button":1,"minecraft:oak_sapling":1,"minecraft:white_wool":1},"minecraft:crafted":{"minecraft:dark_oak_planks":256,"minecraft:firework_rocket":72},"minecraft:custom":{"minecraft:interact_with_furnace":3,"minecraft:mob_kills":39,"minecraft:interact_with_anvil":2,"minecraft:interact_with_crafting_table":2,"minecraft:leave_game":9,"minecraft:time_since_death":63018,"minecraft:climb_one_cm":9568,"minecraft:time_since_rest":63048,"minecraft:sprint_one_cm":41771,"minecraft:damage_absorbed":1057,"minecraft:damage_taken":7599,"minecraft:walk_one_cm":99657,"minecraft:damage_blocked_by_shield":2711,"minecraft:drop":70,"minecraft:damage_dealt":8666,"minecraft:fly_one_cm":622887,"minecraft:swim_one_cm":7525,"minecraft:crouch_one_cm":782,"minecraft:play_time":125382,"minecraft:deaths":4,"minecraft:sneak_time":1708,"minecraft:walk_under_water_one_cm":10088,"minecraft:boat_one_cm":26158,"minecraft:aviate_one_cm":343638,"minecraft:jump":914,"minecraft:walk_on_water_one_cm":37770,"minecraft:total_world_time":125382,"minecraft:fall_one_cm":29017},"minecraft:mined":{"minecraft:short_grass":17,"minecraft:grass_block":1,"minecraft:lily_pad":3,"minecraft:sugar_cane":2,"minecraft:seagrass":2,"minecraft:yellow_stained_glass_pane":1,"minecraft:gravel":5,"minecraft:fern":6,"minecraft:suspicious_gravel":1},"minecraft:used":{"minecraft:emerald_ore":11,"minecraft:netherite_sword":120,"minecraft:iron_ore":21,"minecraft:elytra":2,"minecraft:shield":44,"minecraft:stone":33,"minecraft:iron_sword":4,"minecraft:zombie_spawn_egg":33,"minecraft:diamond_axe":16,"minecraft:oak_leaves":91,"minecraft:white_wool":1,"minecraft:golden_apple":23,"minecraft:dirt":17,"minecraft:anvil":2,"minecraft:oak_slab":2,"minecraft:tnt":34,"minecraft:crafting_table":3,"minecraft:crafter":1,"minecraft:crossbow":11,"minecraft:campfire":1,"minecraft:dark_oak_planks":8,"minecraft:apple":1,"minecraft:firework_rocket":64,"minecraft:mace":4,"minecraft:dark_oak_log":5,"minecraft:jungle_fence_gate":2,"minecraft:grass_block":20,"minecraft:bread":2,"minecraft:spruce_button":1,"minecraft:netherite_axe":11,"minecraft:totem_of_undying":3,"minecraft:gravel":7,"minecraft:golden_carrot":4,"minecraft:cobblestone":20,"minecraft:furnace":1,"minecraft:grindstone":1,"minecraft:oak_boat":8,"minecraft:observer":4},"minecraft:killed":{"minecraft:bogged":1,"minecraft:zombie_villager":1,"minecraft:spider":2,"minecraft:sheep":1,"minecraft:skeleton":1,"minecraft:zombie":22,"minecraft:drowned":5,"minecraft:cow":3},"minecraft:killed_by":{"minecraft:zombie":1},"minecraft:dropped":{"minecraft:enchanted_book":1,"minecraft:anvil":1,"minecraft:oak_log":1,"minecraft:dark_oak_sapling":1,"minecraft:netherite_sword":1,"minecraft:netherite_axe":1,"minecraft:rotten_flesh":6,"minecraft:golden_apple":47,"minecraft:stick":1,"minecraft:dark_oak_log":64,"minecraft:shield":1,"minecraft:oak_sapling":1,"minecraft:beef":1,"minecraft:dark_oak_planks":128,"minecraft:lily_pad":20,"minecraft:oak_leaves":1,"minecraft:firework_rocket":248}},"DataVersion":3955}