{"stats":{"minecraft:dropped":{"minecraft:oak_leaves":1},"minecraft:custom":{"minecraft:time_since_rest":13729,"minecraft:crouch_one_cm":289,"minecraft:sprint_one_cm":3260,"minecraft:play_time":13729,"minecraft:walk_one_cm":11479,"minecraft:sneak_time":533,"minecraft:drop":1,"minecraft:jump":63,"minecraft:leave_game":1,"minecraft:time_since_death":13729,"minecraft:total_world_time":13729,"minecraft:climb_one_cm":797,"minecraft:fly_one_cm":81407},"minecraft:used":{"minecraft:oak_leaves":86,"minecraft:emerald_ore":11,"minecraft:iron_ore":21,"minecraft:jungle_fence_gate":2,"minecraft:tnt":34,"minecraft:grass_block":11,"minecraft:crafter":1,"minecraft:spruce_button":1,"minecraft:stone":33,"minecraft:observer":4,"minecraft:gravel":7},"minecraft:picked_up":{"minecraft:spruce_button":1}},"DataVersion":3955}