{"stats":{"minecraft:dropped":{"minecraft:enchanted_book":1,"minecraft:anvil":1,"minecraft:oak_log":1,"minecraft:dark_oak_sapling":1,"minecraft:netherite_axe":1,"minecraft:rotten_flesh":4,"minecraft:stick":1,"minecraft:dark_oak_log":64,"minecraft:oak_sapling":1,"minecraft:beef":1,"minecraft:dark_oak_planks":128,"minecraft:lily_pad":20,"minecraft:oak_leaves":1,"minecraft:firework_rocket":248},"minecraft:picked_up":{"minecraft:leather":3,"minecraft:oak_log":1,"minecraft:lily_pad":22,"minecraft:string":3,"minecraft:apple":1,"minecraft:bow":1,"minecraft:wheat_seeds":1,"minecraft:beef":5,"minecraft:sugar_cane":2,"minecraft:dark_oak_sapling":2,"minecraft:stick":1,"minecraft:carrot":1,"minecraft:dark_oak_log":197,"minecraft:spider_eye":2,"minecraft:rotten_flesh":15,"minecraft:spruce_button":1,"minecraft:oak_sapling":1,"minecraft:white_wool":1},"minecraft:custom":{"minecraft:interact_with_anvil":2,"minecraft:mob_kills":29,"minecraft:interact_with_crafting_table":2,"minecraft:leave_game":6,"minecraft:time_since_death":10638,"minecraft:climb_one_cm":5392,"minecraft:time_since_rest":10668,"minecraft:sprint_one_cm":24839,"minecraft:walk_one_cm":57762,"minecraft:damage_taken":5315,"minecraft:damage_absorbed":526,"minecraft:damage_blocked_by_shield":1871,"minecraft:drop":19,"minecraft:damage_dealt":6109,"minecraft:fly_one_cm":389643,"minecraft:swim_one_cm":718,"minecraft:crouch_one_cm":323,"minecraft:play_time":73002,"minecraft:deaths":4,"minecraft:sneak_time":719,"minecraft:walk_under_water_one_cm":3302,"minecraft:boat_one_cm":26158,"minecraft:aviate_one_cm":343638,"minecraft:jump":541,"minecraft:walk_on_water_one_cm":31624,"minecraft:total_world_time":73002,"minecraft:fall_one_cm":19649},"minecraft:killed":{"minecraft:bogged":1,"minecraft:spider":2,"minecraft:sheep":1,"minecraft:skeleton":1,"minecraft:zombie":17,"minecraft:drowned":1,"minecraft:cow":3},"minecraft:crafted":{"minecraft:dark_oak_planks":256,"minecraft:firework_rocket":72},"minecraft:killed_by":{"minecraft:zombie":1},"minecraft:mined":{"minecraft:short_grass":6,"minecraft:lily_pad":3,"minecraft:sugar_cane":2,"minecraft:seagrass":2},"minecraft:used":{"minecraft:emerald_ore":11,"minecraft:netherite_sword":71,"minecraft:iron_ore":21,"minecraft:elytra":2,"minecraft:shield":27,"minecraft:stone":33,"minecraft:zombie_spawn_egg":33,"minecraft:diamond_axe":16,"minecraft:oak_leaves":91,"minecraft:white_wool":1,"minecraft:golden_apple":12,"minecraft:anvil":2,"minecraft:tnt":34,"minecraft:crafting_table":2,"minecraft:crafter":1,"minecraft:crossbow":11,"minecraft:dark_oak_planks":8,"minecraft:apple":1,"minecraft:firework_rocket":64,"minecraft:dark_oak_log":5,"minecraft:jungle_fence_gate":2,"minecraft:grass_block":11,"minecraft:bread":2,"minecraft:spruce_button":1,"minecraft:netherite_axe":11,"minecraft:totem_of_undying":2,"minecraft:gravel":7,"minecraft:oak_boat":8,"minecraft:observer":4}},"DataVersion":3955}