{"minecraft:recipes/decorations/crafting_table":{"criteria":{"unlock_right_away":"2024-11-18 23:59:41 +0000"},"done":true},"minecraft:adventure/adventuring_time":{"criteria":{"minecraft:old_growth_birch_forest":"2024-11-19 23:01:58 +0000","minecraft:beach":"2024-11-20 17:56:14 +0000","minecraft:dark_forest":"2024-11-19 23:02:11 +0000","minecraft:forest":"2024-11-19 00:02:14 +0000","minecraft:sparse_jungle":"2024-11-20 18:10:35 +0000","minecraft:ocean":"2024-11-20 17:57:10 +0000","minecraft:river":"2024-11-19 00:00:15 +0000","minecraft:swamp":"2024-11-18 23:59:41 +0000","minecraft:birch_forest":"2024-11-19 23:45:58 +0000","minecraft:windswept_hills":"2024-11-19 00:00:20 +0000","minecraft:windswept_savanna":"2024-11-19 00:00:12 +0000","minecraft:plains":"2024-11-19 22:57:12 +0000"},"done":false},"minecraft:recipes/building_blocks/stone_bricks":{"criteria":{"has_stone":"2024-11-19 00:01:09 +0000"},"done":true},"minecraft:recipes/building_blocks/stone_brick_slab_from_stone_stonecutting":{"criteria":{"has_stone":"2024-11-19 00:01:09 +0000"},"done":true},"minecraft:recipes/building_blocks/stone_brick_stairs_from_stone_stonecutting":{"criteria":{"has_stone":"2024-11-19 00:01:09 +0000"},"done":true},"minecraft:recipes/building_blocks/stone_slab_from_stone_stonecutting":{"criteria":{"has_stone":"2024-11-19 00:01:09 +0000"},"done":true},"minecraft:recipes/building_blocks/stone_bricks_from_stone_stonecutting":{"criteria":{"has_stone":"2024-11-19 00:01:09 +0000"},"done":true},"minecraft:recipes/building_blocks/stone_slab":{"criteria":{"has_stone":"2024-11-19 00:01:09 +0000"},"done":true},"minecraft:recipes/building_blocks/chiseled_stone_bricks_stone_from_stonecutting":{"criteria":{"has_stone":"2024-11-19 00:01:09 +0000"},"done":true},"minecraft:recipes/building_blocks/stone_stairs_from_stone_stonecutting":{"criteria":{"has_stone":"2024-11-19 00:01:09 +0000"},"done":true},"minecraft:recipes/redstone/stone_button":{"criteria":{"has_stone":"2024-11-19 00:01:09 +0000"},"done":true},"minecraft:recipes/decorations/stonecutter":{"criteria":{"has_stone":"2024-11-19 00:01:09 +0000"},"done":true},"minecraft:recipes/redstone/stone_pressure_plate":{"criteria":{"has_stone":"2024-11-19 00:01:09 +0000"},"done":true},"minecraft:recipes/building_blocks/smooth_stone":{"criteria":{"has_stone":"2024-11-19 00:01:09 +0000"},"done":true},"minecraft:recipes/decorations/stone_brick_walls_from_stone_stonecutting":{"criteria":{"has_stone":"2024-11-19 00:01:09 +0000"},"done":true},"minecraft:recipes/building_blocks/stone_stairs":{"criteria":{"has_stone":"2024-11-19 00:01:09 +0000"},"done":true},"minecraft:recipes/misc/emerald_from_smelting_emerald_ore":{"criteria":{"has_emerald_ore":"2024-11-19 00:01:17 +0000"},"done":true},"minecraft:recipes/misc/emerald_from_blasting_emerald_ore":{"criteria":{"has_emerald_ore":"2024-11-19 00:01:17 +0000"},"done":true},"minecraft:recipes/misc/iron_ingot_from_smelting_iron_ore":{"criteria":{"has_iron_ore":"2024-11-19 00:01:27 +0000"},"done":true},"minecraft:recipes/misc/iron_ingot_from_blasting_iron_ore":{"criteria":{"has_iron_ore":"2024-11-19 00:01:27 +0000"},"done":true},"minecraft:recipes/building_blocks/lime_concrete_powder":{"criteria":{"has_gravel":"2024-11-19 00:01:53 +0000"},"done":true},"minecraft:recipes/building_blocks/coarse_dirt":{"criteria":{"has_gravel":"2024-11-19 00:01:53 +0000"},"done":true},"minecraft:recipes/building_blocks/light_gray_concrete_powder":{"criteria":{"has_gravel":"2024-11-19 00:01:53 +0000"},"done":true},"minecraft:recipes/building_blocks/pink_concrete_powder":{"criteria":{"has_gravel":"2024-11-19 00:01:53 +0000"},"done":true},"minecraft:recipes/building_blocks/orange_concrete_powder":{"criteria":{"has_gravel":"2024-11-19 00:01:53 +0000"},"done":true},"minecraft:recipes/building_blocks/red_concrete_powder":{"criteria":{"has_gravel":"2024-11-19 00:01:53 +0000"},"done":true},"minecraft:recipes/building_blocks/magenta_concrete_powder":{"criteria":{"has_gravel":"2024-11-19 00:01:53 +0000"},"done":true},"minecraft:recipes/building_blocks/brown_concrete_powder":{"criteria":{"has_gravel":"2024-11-19 00:01:53 +0000"},"done":true},"minecraft:recipes/building_blocks/light_blue_concrete_powder":{"criteria":{"has_gravel":"2024-11-19 00:01:53 +0000"},"done":true},"minecraft:recipes/building_blocks/green_concrete_powder":{"criteria":{"has_gravel":"2024-11-19 00:01:53 +0000"},"done":true},"minecraft:recipes/building_blocks/blue_concrete_powder":{"criteria":{"has_gravel":"2024-11-19 00:01:53 +0000"},"done":true},"minecraft:recipes/building_blocks/yellow_concrete_powder":{"criteria":{"has_gravel":"2024-11-19 00:01:53 +0000"},"done":true},"minecraft:recipes/building_blocks/white_concrete_powder":{"criteria":{"has_gravel":"2024-11-19 00:01:53 +0000"},"done":true},"minecraft:recipes/building_blocks/gray_concrete_powder":{"criteria":{"has_gravel":"2024-11-19 00:01:53 +0000"},"done":true},"minecraft:recipes/building_blocks/black_concrete_powder":{"criteria":{"has_gravel":"2024-11-19 00:01:53 +0000"},"done":true},"minecraft:recipes/building_blocks/purple_concrete_powder":{"criteria":{"has_gravel":"2024-11-19 00:01:53 +0000"},"done":true},"minecraft:recipes/building_blocks/cyan_concrete_powder":{"criteria":{"has_gravel":"2024-11-19 00:01:53 +0000"},"done":true},"minecraft:recipes/decorations/ladder":{"criteria":{"has_stick":"2024-11-19 00:05:09 +0000"},"done":true},"minecraft:recipes/decorations/campfire":{"criteria":{"has_stick":"2024-11-19 00:05:09 +0000"},"done":true},"minecraft:recipes/tools/wooden_hoe":{"criteria":{"has_stick":"2024-11-19 00:05:09 +0000"},"done":true},"minecraft:recipes/tools/wooden_pickaxe":{"criteria":{"has_stick":"2024-11-19 00:05:09 +0000"},"done":true},"minecraft:recipes/tools/wooden_axe":{"criteria":{"has_stick":"2024-11-19 00:05:09 +0000"},"done":true},"minecraft:recipes/tools/wooden_shovel":{"criteria":{"has_stick":"2024-11-19 00:05:09 +0000"},"done":true},"minecraft:recipes/combat/wooden_sword":{"criteria":{"has_stick":"2024-11-19 00:05:09 +0000"},"done":true},"minecraft:recipes/decorations/chest":{"criteria":{"has_lots_of_items":"2024-11-19 00:05:39 +0000"},"done":true},"minecraft:recipes/transportation/mangrove_boat":{"criteria":{"in_water":"2024-11-19 22:38:18 +0000"},"done":true},"minecraft:recipes/transportation/acacia_boat":{"criteria":{"in_water":"2024-11-19 22:38:18 +0000"},"done":true},"minecraft:recipes/transportation/cherry_boat":{"criteria":{"in_water":"2024-11-19 22:38:18 +0000"},"done":true},"minecraft:recipes/transportation/bamboo_raft":{"criteria":{"in_water":"2024-11-19 22:38:18 +0000"},"done":true},"minecraft:recipes/transportation/spruce_boat":{"criteria":{"in_water":"2024-11-19 22:38:18 +0000"},"done":true},"minecraft:recipes/transportation/birch_boat":{"criteria":{"in_water":"2024-11-19 22:38:18 +0000"},"done":true},"minecraft:recipes/transportation/oak_boat":{"criteria":{"in_water":"2024-11-19 22:38:18 +0000"},"done":true},"minecraft:recipes/transportation/jungle_boat":{"criteria":{"in_water":"2024-11-19 22:38:18 +0000"},"done":true},"minecraft:recipes/transportation/dark_oak_boat":{"criteria":{"in_water":"2024-11-19 22:38:18 +0000"},"done":true},"minecraft:recipes/transportation/dark_oak_chest_boat":{"criteria":{"has_boat":"2024-11-19 22:39:14 +0000"},"done":true},"minecraft:recipes/transportation/bamboo_chest_raft":{"criteria":{"has_boat":"2024-11-19 22:39:14 +0000"},"done":true},"minecraft:recipes/transportation/spruce_chest_boat":{"criteria":{"has_boat":"2024-11-19 22:39:14 +0000"},"done":true},"minecraft:recipes/transportation/jungle_chest_boat":{"criteria":{"has_boat":"2024-11-19 22:39:14 +0000"},"done":true},"minecraft:recipes/transportation/acacia_chest_boat":{"criteria":{"has_boat":"2024-11-19 22:39:14 +0000"},"done":true},"minecraft:recipes/transportation/mangrove_chest_boat":{"criteria":{"has_boat":"2024-11-19 22:39:14 +0000"},"done":true},"minecraft:recipes/transportation/oak_chest_boat":{"criteria":{"has_boat":"2024-11-19 22:39:14 +0000"},"done":true},"minecraft:recipes/transportation/cherry_chest_boat":{"criteria":{"has_boat":"2024-11-19 22:39:14 +0000"},"done":true},"minecraft:recipes/transportation/birch_chest_boat":{"criteria":{"has_boat":"2024-11-19 22:39:14 +0000"},"done":true},"minecraft:recipes/misc/charcoal":{"criteria":{"has_log":"2024-11-19 22:57:24 +0000"},"done":true},"minecraft:recipes/building_blocks/oak_planks":{"criteria":{"has_logs":"2024-11-19 22:57:24 +0000"},"done":true},"minecraft:recipes/building_blocks/oak_wood":{"criteria":{"has_log":"2024-11-19 22:57:24 +0000"},"done":true},"minecraft:recipes/building_blocks/dark_oak_planks":{"criteria":{"has_log":"2024-11-19 23:38:46 +0000"},"done":true},"minecraft:recipes/building_blocks/dark_oak_wood":{"criteria":{"has_log":"2024-11-19 23:38:46 +0000"},"done":true},"minecraft:adventure/root":{"criteria":{"killed_something":"2024-11-19 23:38:50 +0000"},"done":true},"minecraft:adventure/kill_all_mobs":{"criteria":{"minecraft:skeleton":"2024-11-20 17:54:26 +0000","minecraft:spider":"2024-11-19 23:57:21 +0000","minecraft:zombie":"2024-11-19 23:38:50 +0000","minecraft:drowned":"2024-11-19 23:57:33 +0000","minecraft:bogged":"2024-11-20 17:54:13 +0000"},"done":false},"minecraft:adventure/kill_a_mob":{"criteria":{"minecraft:zombie":"2024-11-19 23:38:50 +0000"},"done":true},"minecraft:husbandry/balanced_diet":{"criteria":{"apple":"2024-11-19 23:39:26 +0000","golden_apple":"2024-11-19 23:52:55 +0000","bread":"2024-11-20 17:53:26 +0000"},"done":false},"minecraft:husbandry/root":{"criteria":{"consumed_item":"2024-11-19 23:39:26 +0000"},"done":true},"minecraft:recipes/building_blocks/dark_oak_slab":{"criteria":{"has_planks":"2024-11-19 23:40:13 +0000"},"done":true},"minecraft:recipes/redstone/dark_oak_door":{"criteria":{"has_planks":"2024-11-19 23:40:13 +0000"},"done":true},"minecraft:recipes/redstone/dark_oak_fence_gate":{"criteria":{"has_planks":"2024-11-19 23:40:13 +0000"},"done":true},"minecraft:recipes/redstone/dark_oak_trapdoor":{"criteria":{"has_planks":"2024-11-19 23:40:13 +0000"},"done":true},"minecraft:recipes/redstone/dark_oak_button":{"criteria":{"has_planks":"2024-11-19 23:40:13 +0000"},"done":true},"minecraft:recipes/misc/stick":{"criteria":{"has_planks":"2024-11-19 23:40:13 +0000"},"done":true},"minecraft:recipes/decorations/barrel":{"criteria":{"has_planks":"2024-11-19 23:40:13 +0000"},"done":true},"minecraft:recipes/building_blocks/dark_oak_stairs":{"criteria":{"has_planks":"2024-11-19 23:40:13 +0000"},"done":true},"minecraft:recipes/decorations/dark_oak_sign":{"criteria":{"has_planks":"2024-11-19 23:40:13 +0000"},"done":true},"minecraft:recipes/redstone/dark_oak_pressure_plate":{"criteria":{"has_planks":"2024-11-19 23:40:13 +0000"},"done":true},"minecraft:recipes/decorations/dark_oak_fence":{"criteria":{"has_planks":"2024-11-19 23:40:13 +0000"},"done":true},"minecraft:adventure/ol_betsy":{"criteria":{"shot_crossbow":"2024-11-19 23:42:51 +0000"},"done":true},"minecraft:recipes/food/cooked_beef_from_smoking":{"criteria":{"has_beef":"2024-11-19 23:45:36 +0000"},"done":true},"minecraft:recipes/food/cooked_beef":{"criteria":{"has_beef":"2024-11-19 23:45:36 +0000"},"done":true},"minecraft:recipes/food/cooked_beef_from_campfire_cooking":{"criteria":{"has_beef":"2024-11-19 23:45:36 +0000"},"done":true},"minecraft:story/root":{"criteria":{"crafting_table":"2024-11-19 23:47:12 +0000"},"done":true},"minecraft:recipes/misc/book":{"criteria":{"has_paper":"2024-11-19 23:47:41 +0000"},"done":true},"minecraft:recipes/decorations/cartography_table":{"criteria":{"has_paper":"2024-11-19 23:47:41 +0000"},"done":true},"minecraft:recipes/misc/firework_rocket_simple":{"criteria":{"has_gunpowder":"2024-11-19 23:48:32 +0000"},"done":true},"minecraft:recipes/redstone/tnt":{"criteria":{"has_gunpowder":"2024-11-19 23:48:32 +0000"},"done":true},"minecraft:end/elytra":{"criteria":{"elytra":"2024-11-19 23:50:18 +0000"},"done":true},"minecraft:nether/netherite_armor":{"criteria":{"netherite_armor":"2024-11-19 23:51:39 +0000"},"done":true},"minecraft:recipes/transportation/carrot_on_a_stick":{"criteria":{"has_carrot":"2024-11-19 23:53:24 +0000"},"done":true},"minecraft:recipes/misc/sugar_from_sugar_cane":{"criteria":{"has_sugar_cane":"2024-11-19 23:56:22 +0000"},"done":true},"minecraft:recipes/misc/paper":{"criteria":{"has_reeds":"2024-11-19 23:56:22 +0000"},"done":true},"minecraft:recipes/decorations/white_banner":{"criteria":{"has_white_wool":"2024-11-19 23:56:59 +0000"},"done":true},"minecraft:recipes/decorations/painting":{"criteria":{"has_wool":"2024-11-19 23:56:59 +0000"},"done":true},"minecraft:recipes/decorations/white_bed":{"criteria":{"has_white_wool":"2024-11-19 23:56:59 +0000"},"done":true},"minecraft:recipes/decorations/white_carpet":{"criteria":{"has_white_wool":"2024-11-19 23:56:59 +0000"},"done":true},"minecraft:recipes/brewing/fermented_spider_eye":{"criteria":{"has_spider_eye":"2024-11-19 23:57:22 +0000"},"done":true},"minecraft:recipes/combat/bow":{"criteria":{"has_string":"2024-11-19 23:57:22 +0000"},"done":true},"minecraft:recipes/tools/fishing_rod":{"criteria":{"has_string":"2024-11-19 23:57:22 +0000"},"done":true},"minecraft:recipes/building_blocks/white_wool_from_string":{"criteria":{"has_string":"2024-11-19 23:57:22 +0000"},"done":true},"minecraft:recipes/redstone/tripwire_hook":{"criteria":{"has_string":"2024-11-19 23:57:22 +0000"},"done":true},"minecraft:recipes/combat/crossbow":{"criteria":{"has_string":"2024-11-19 23:57:22 +0000"},"done":true},"minecraft:recipes/decorations/candle":{"criteria":{"has_string":"2024-11-19 23:57:22 +0000"},"done":true},"minecraft:recipes/decorations/loom":{"criteria":{"has_string":"2024-11-19 23:57:22 +0000"},"done":true},"minecraft:recipes/combat/leather_helmet":{"criteria":{"has_leather":"2024-11-20 17:53:52 +0000"},"done":true},"minecraft:recipes/combat/leather_leggings":{"criteria":{"has_leather":"2024-11-20 17:53:52 +0000"},"done":true},"minecraft:recipes/decorations/item_frame":{"criteria":{"has_leather":"2024-11-20 17:53:52 +0000"},"done":true},"minecraft:recipes/combat/leather_chestplate":{"criteria":{"has_leather":"2024-11-20 17:53:52 +0000"},"done":true},"minecraft:recipes/combat/leather_boots":{"criteria":{"has_leather":"2024-11-20 17:53:52 +0000"},"done":true},"minecraft:recipes/misc/leather_horse_armor":{"criteria":{"has_leather":"2024-11-20 17:53:52 +0000"},"done":true},"minecraft:story/deflect_arrow":{"criteria":{"deflected_projectile":"2024-11-20 17:54:09 +0000"},"done":true},"minecraft:recipes/redstone/dispenser":{"criteria":{"has_bow":"2024-11-20 17:54:14 +0000"},"done":true},"minecraft:adventure/totem_of_undying":{"criteria":{"used_totem":"2024-11-20 17:55:08 +0000"},"done":true},"minecraft:adventure/salvage_sherd":{"criteria":{"has_sherd":"2024-11-20 18:10:09 +0000"},"done":false},"minecraft:recipes/decorations/decorated_pot_simple":{"criteria":{"has_brick":"2024-11-20 18:10:09 +0000"},"done":true},"DataVersion":3955}